{
  "name": "dnd-ui",
  "title": "DnD5e Ui",
  "description": "Theme for DnD5e. <p>*** Join the official Discord server: <a href='https://discord.gg/foundryvtt'> Official Discord</a></p><p>*** Rejoignez la communauté Francophone: <a href='https://discord.gg/pPSDNJk'>Francophone Discord</a></p>",
  "author": "Sasmira",
  "authors": [],
  "url": "https://gitlab.com/sasmira/dnd-ui",
  "flags": {},
  "version": "9.238.2",
  "minimumCoreVersion": "9",
  "compatibleCoreVersion": "10",
  "scripts": [
    "scripts/rpg-ui.js",
    "scripts/pathfinder-chat-color.js"
  ],
  "esmodules": [
    "scripts/dicefinder.js"
  ],
  "styles": [
    "css/cursor.css"
  ],
  "languages": [
    {
      "lang": "en",
      "name": "English",
      "path": "lang/en.json"
    },
    {
      "lang": "fr",
      "name": "French (French)",
      "path": "lang/fr.json"
    },
    {
      "lang": "pt-BR",
      "name": "Português (Brasil)",
      "path": "lang/pt-BR.json"
    }
  ],
  "packs": [],
  "system": [
    "dnd5e"
  ],
  "dependencies": [],
  "socket": false,
  "manifest": "https://raw.githubusercontent.com/SecretSquirrel77/DND5e-UI-Mod/main/module.json",
  "download": "https://raw.githubusercontent.com/SecretSquirrel77/DND5e-UI-Mod/main/dnd-ui-master.zip",
  "protected": false,
  "coreTranslation": false,
  "library": false
}